video_id,title,category,language
ab6a0149-a713-48e5-ac0a-9a0e3c65465b,"The Last Horizon",Movie,hi
6d5231a1-ec08-440f-bf31-ccb0cc1aaa15,"Markets Today",News,en
5f79644e-5338-4c79-9c25-898b14e69374,"The Prank Show",Comedy,en
08592e9b-6020-4f71-b025-6cbc971d404f,"Wimbledon Final",Live Sport,hi
1e9584ab-e375-4c64-9706-a3e3c5b277e0,"Broken Promises",Drama,hi
206b982b-9de9-4265-a13b-fb2805f3b308,"The Inheritance",Drama,hi
bec90330-dd26-412f-9c3a-111163502691,"Stand Up Central",Comedy,en
51ddefae-e4a9-403f-ad0b-a24dda505b94,"Broken Promises",Drama,de
c9bdc96e-ded7-4a37-b25a-d6788cff7e7d,"The Last Horizon",Movie,hi
ee983269-1831-437e-a2fd-77c671c14469,"India vs Australia",Live Sport,en
3952db48-2e69-4251-adc3-2e5e652108ea,"The Prank Show",Comedy,hi
7617dfc7-ea5c-461a-bb43-fce09adf7bd2,"F1 Grand Prix",Live Sport,de
e3812454-d078-4d7f-bde4-07106fc34a31,"Election Desk",News,en
ae855406-abef-4ec1-863d-c48615b0a3d8,"After Hours",Drama,hi
bd9baa79-10ff-40f3-9969-55ea8c4bf569,"Wimbledon Final",Live Sport,hi
546c90aa-b6b9-478e-9f46-7dd8784f45d5,"Election Desk",News,en
97d37ab0-b53e-46cb-a791-89096c797d94,"The Last Horizon",Movie,hi
672b107c-612d-47f2-a806-aa3d71e5c013,"World at Six",News,en
818e6c7b-cbda-4aee-8f69-230186d528bd,"Midnight Heist",Movie,hi
55de5277-5f1a-4571-b5af-2b3228efbe39,"World at Six",News,hi
f7efbac7-6aa2-4a76-8141-1b4596747916,"Echoes of Tomorrow",Movie,de
5b71e59d-bc84-44d1-b340-da2472d72866,"Midnight Heist",Movie,en
135d623e-ed6c-4ba8-add8-4bfd8868890e,"Midnight Heist",Movie,en
19c9e54c-44d9-4fc2-94e6-2fb2478d39d1,"The Last Horizon",Movie,hi
4ae4d31e-01f4-4fe5-80d3-2d7bb7977f00,"Funny Bites",Comedy,hi
f2a4a800-1e5b-421e-9dc3-e42fa82288d0,"Office Chaos",Comedy,hi
d57954ae-ba5e-43c5-98ce-d7116a369b54,"The Last Horizon",Movie,de
64e6acc8-903f-435f-9f88-1732a3d8a677,"Arsenal vs Chelsea",Live Sport,en
8480e5b8-ed0e-4c9d-a564-55b23416dcc1,"Climate Report",News,en
928fd018-04eb-4a72-8f31-9ee32643dcc4,"Office Chaos",Comedy,hi
7e8faedb-e508-4458-ad02-e29c9438c49f,"Roommates",Comedy,hi
ed10d382-c08d-4e3f-8689-234c63fb5a40,"Midnight Heist",Movie,de
72c7cd72-9a93-4dba-a794-a0bfc8fdb877,"Midnight Heist",Movie,de
e68c6422-cdb3-44db-bc35-3a5a3eae00ef,"Roommates",Comedy,en
95eb69a5-8342-48df-bd19-62a20a771a4e,"India vs Australia",Live Sport,de
26721b02-96bf-4a37-bafd-87fc22f6ebc4,"Election Desk",News,hi
32619fe3-b8fa-4a40-86c1-5d1ebba30426,"F1 Grand Prix",Live Sport,de
a0296c6f-d4ae-422a-a4d1-f77f795056f9,"The Prank Show",Comedy,en
b6fd77ac-b85c-405d-a598-9b9d6240cb80,"F1 Grand Prix",Live Sport,en
77e7be9f-e8a6-40d7-9820-6570625a6288,"Lakers vs Celtics",Live Sport,en
e57e4258-c43a-4a04-a64d-e9b2d0623996,"The Inheritance",Drama,de
3fb7c1a1-250a-42a1-91e0-da4a43c3d038,"Shadow Protocol",Movie,hi
7a199a0d-4713-44ab-9a53-25c6717dd1bd,"Crimson Tide",Movie,de
76b937ee-9771-42c8-b537-0dff67e8d63f,"Midnight Heist",Movie,hi
a338aebc-decb-4dec-8688-eb3ab0ecdb40,"Election Desk",News,hi
3dff3e9f-f55d-456f-9eac-67c1da594cf7,"Funny Bites",Comedy,hi
06b22856-5aba-4a3c-83cb-b3e17d92ac16,"Arsenal vs Chelsea",Live Sport,hi
39a4f787-b033-4a28-810c-f19572ab5953,"Crimson Tide",Movie,en
b16dab63-0700-4c45-a8f3-01e9f4618a8f,"F1 Grand Prix",Live Sport,de
8042cb74-433b-4ded-b482-4dc9f3c847d7,"Broken Promises",Drama,en